fieldID,fieldName,fieldType,defaultValue,secondaryValue,fieldDescription,minValue,maxValue,tab
tahlan_campaignHeader,Campaign Header,Header,Campaign settings - Can be enabled on existing saves but not disabled,,,,,Settings
tahlan_enable_lethia,Enable Lethia,Boolean,true,,"Enables the Lethia system in a corner of the map, home to the planet Kassadar.",,,Settings
tahlan_enable_legio,Enable Legio Infernalis,Boolean,true,,Enables a challenging Boss Faction.,,,Settings
tahlan_dynamicHeader,Save Header,Header,Dynamic settings - Applied on save load,,,,,Settings
tahlan_enable_daemons,Enable Daemons,Boolean,true,,Enables powerful automated ships that will spawn in Legio Infernalis fleets once the player has reached certain milestones.,,,Settings
tahlan_enable_adaptivemode,Enable Adaptive Mode,Boolean,true,,Gives Daemons adaptive enhancement scaling with player fleet power like gaining additional S-mods.,,,Settings
tahlan_enable_fastmode,Enable Fast Mode,Boolean,false,,Lowers milestone requirements for Daemons to start spawning.,,,Settings
tahlan_enable_hardmode,Enable Hard Mode,Boolean,false,,Greatly increases the number of Daemons in Legio fleets and the quality of their AI cores.,,,Settings
tahlan_enable_legiobps,Enable Legio black market blueprints,Boolean,false,,Lets Legio learn all blueprints known to pirates.,,,Settings
tahlan_enable_lifeless,Enable The Lifeless,Boolean,false,,Adds unusual drone ships to Remnant fleets.,,,Settings
tahlan_siegeHeader,Siege Header,Header,Siege settings - Applied on save load,,,,,Settings
tahlan_enable_siege,Enable Legio Sieges,Boolean,true,,Enables periodic Legio Infernalis siege campaigns that blockade hostile systems and (with Nexerelin) capture markets.,,,Settings
tahlan_siege_frequency,Siege Frequency,Double,1.0,,How often Legio launches siege campaigns. Higher values = more frequent.,0.2,3.0,Settings
tahlan_siege_difficulty,Siege Fleet Size,Double,1.0,,Scales the size and strength of Legio siege fleets.,0.2,3.0,Settings
tahlan_siege_attrition,Siege Attrition Strength,Double,1.0,,Scales how much fleet losses damage the siege. Higher = easier to break.,0.2,3.0,Settings
tahlan_siege_interventions,Enable Coalition Interventions,Boolean,true,,Lets the besieged faction and its allies mobilise relief fleets against an active siege.,,,Settings
tahlan_siege_intervention_freq,Intervention Frequency,Double,1.0,,How often the besieged bloc sends relief fleets. Higher = more frequent waves.,0.2,3.0,Settings
tahlan_siege_bounty,Enable Desperation Bounties,Boolean,true,,Lets a strangled market post a system bounty once a siege reaches its Stranglehold stage.,,,Settings
tahlan_siege_taskforce,Enable Huntsman Task Force,Boolean,true,,Gives each siege a standing elite hunter-killer fleet that hunts threats to the siege - and you.,,,Settings
tahlan_siege_taskforce_size,Huntsman Task Force Size,Double,1.0,,Scales the size and strength of the siege hunter-killer fleet.,0.2,3.0,Settings
tahlan_siege_heat,Huntsman Aggression,Double,1.0,,How readily the hunter-killer force marks you for hunting after you attack a siege. Higher = marked sooner.,0.2,3.0,Settings